INSERT INTO device (id, name, uniqueid,manufacturer, operatingsystem, registrationstatus) VALUES (1,'pi3n1','+4UKP+JdIfG6vvbYtmk9nL+bPFGEiJ11/159suwMso0=','Raspberry','Raspbian', 'PENDINGAPPROVAL')
INSERT INTO device (id, name, uniqueid,manufacturer, operatingsystem, registrationstatus) VALUES (2,'pi3n2','2345','Raspberry','Raspbian', 'PENDINGAPPROVAL')
INSERT INTO device (id, name, uniqueid,manufacturer, operatingsystem, registrationstatus, registrationcode) VALUES (3,'pi3n3','3456','Raspberry','Raspbian', 'REGISTERED', '29s756431s1441')
INSERT INTO device (id, name, uniqueid,manufacturer, operatingsystem, registrationstatus, registrationcode) VALUES (4,'pi3n4','4567','Raspberry','Raspbian', 'REGISTERED', '29s756431s1442')
INSERT INTO device (id, name, uniqueid,manufacturer, operatingsystem, registrationstatus, registrationcode) VALUES (5,'pi3n5','5678','Raspberry','Raspbian', 'REGISTERED', '29s756431s1443')

INSERT INTO sensor (id, sensorid, sensortype, valuetype, valueunit, dateadded, datemodified, active, device_id) VALUES (1,'11111111','ONEWIRE','TEMPERATURE','CELSIUS',parsedatetime('17-01-2019 18:47:52.690', 'dd-MM-yyyy hh:mm:ss.SS'),parsedatetime('17-01-2019 18:47:52.690', 'dd-MM-yyyy hh:mm:ss.SS'),'TRUE',1)
INSERT INTO sensor (id, sensorid, sensortype, valuetype, valueunit, dateadded, datemodified, active, device_id) VALUES (2,'22222222','ONEWIRE','TEMPERATURE','CELSIUS',parsedatetime('17-01-2019 18:47:52.690', 'dd-MM-yyyy hh:mm:ss.SS'),parsedatetime('17-01-2019 18:47:52.690', 'dd-MM-yyyy hh:mm:ss.SS'),'TRUE',1)
INSERT INTO sensor (id, sensorid, sensortype, valuetype, valueunit, dateadded, datemodified, active, device_id) VALUES (3,'33333333','ONEWIRE','TEMPERATURE','CELSIUS',parsedatetime('17-01-2019 18:47:52.690', 'dd-MM-yyyy hh:mm:ss.SS'),parsedatetime('17-01-2019 18:47:52.690', 'dd-MM-yyyy hh:mm:ss.SS'),'TRUE',2)
INSERT INTO sensor (id, sensorid, sensortype, valuetype, valueunit, dateadded, datemodified, active, device_id) VALUES (4,'44444444','ONEWIRE','TEMPERATURE','CELSIUS',parsedatetime('17-01-2019 18:47:52.690', 'dd-MM-yyyy hh:mm:ss.SS'),parsedatetime('17-01-2019 18:47:52.690', 'dd-MM-yyyy hh:mm:ss.SS'),'TRUE',3)
INSERT INTO sensor (id, sensorid, sensortype, valuetype, valueunit, dateadded, datemodified, active, device_id) VALUES (5,'55555555','ONEWIRE','TEMPERATURE','CELSIUS',parsedatetime('17-01-2019 18:47:52.690', 'dd-MM-yyyy hh:mm:ss.SS'),parsedatetime('17-01-2019 18:47:52.690', 'dd-MM-yyyy hh:mm:ss.SS'),'TRUE',4)
INSERT INTO sensor (id, sensorid, sensortype, valuetype, valueunit, dateadded, datemodified, active, device_id) VALUES (6,'66666666','ONEWIRE','TEMPERATURE','CELSIUS',parsedatetime('17-01-2019 18:47:52.690', 'dd-MM-yyyy hh:mm:ss.SS'),parsedatetime('17-01-2019 18:47:52.690', 'dd-MM-yyyy hh:mm:ss.SS'),'TRUE',4)
INSERT INTO sensor (id, sensorid, sensortype, valuetype, valueunit, dateadded, datemodified, active, device_id) VALUES (7,'77777777','ONEWIRE','TEMPERATURE','CELSIUS',parsedatetime('17-01-2019 18:47:52.690', 'dd-MM-yyyy hh:mm:ss.SS'),parsedatetime('17-01-2019 18:47:52.690', 'dd-MM-yyyy hh:mm:ss.SS'),'FALSE',4)
INSERT INTO sensor (id, sensorid, sensortype, valuetype, valueunit, dateadded, datemodified, active, device_id) VALUES (8,'88888888','ONEWIRE','TEMPERATURE','CELSIUS',parsedatetime('17-01-2019 18:47:52.690', 'dd-MM-yyyy hh:mm:ss.SS'),parsedatetime('17-01-2019 18:47:52.690', 'dd-MM-yyyy hh:mm:ss.SS'),'TRUE',5)
INSERT INTO sensor (id, sensorid, sensortype, valuetype, valueunit, dateadded, datemodified, active, device_id) VALUES (9,'99999999','ONEWIRE','TEMPERATURE','CELSIUS',parsedatetime('17-01-2019 18:47:52.690', 'dd-MM-yyyy hh:mm:ss.SS'),parsedatetime('17-01-2019 18:47:52.690', 'dd-MM-yyyy hh:mm:ss.SS'),'TRUE',5)

INSERT INTO MEASUREMENT (id,measurementtime,value,sensor_id) VALUES (1,parsedatetime('17-01-2019 18:11:52.690', 'dd-MM-yyyy hh:mm:ss.SS'),60,1)
INSERT INTO MEASUREMENT (id,measurementtime,value,sensor_id) VALUES (2,parsedatetime('17-01-2019 18:11:52.690', 'dd-MM-yyyy hh:mm:ss.SS'),73,1)
INSERT INTO MEASUREMENT (id,measurementtime,value,sensor_id) VALUES (3,parsedatetime('17-01-2019 18:11:52.690', 'dd-MM-yyyy hh:mm:ss.SS'),31,1)
INSERT INTO MEASUREMENT (id,measurementtime,value,sensor_id) VALUES (4,parsedatetime('17-01-2019 18:11:52.690', 'dd-MM-yyyy hh:mm:ss.SS'),74,1)
INSERT INTO MEASUREMENT (id,measurementtime,value,sensor_id) VALUES (5,parsedatetime('17-01-2019 18:11:52.690', 'dd-MM-yyyy hh:mm:ss.SS'),67,1)
INSERT INTO MEASUREMENT (id,measurementtime,value,sensor_id) VALUES (6,parsedatetime('17-01-2019 18:11:52.690', 'dd-MM-yyyy hh:mm:ss.SS'),22,1)
INSERT INTO MEASUREMENT (id,measurementtime,value,sensor_id) VALUES (7,parsedatetime('17-01-2019 18:11:52.690', 'dd-MM-yyyy hh:mm:ss.SS'),62,1)
INSERT INTO MEASUREMENT (id,measurementtime,value,sensor_id) VALUES (8,parsedatetime('17-01-2019 18:11:52.690', 'dd-MM-yyyy hh:mm:ss.SS'),43,1)
INSERT INTO MEASUREMENT (id,measurementtime,value,sensor_id) VALUES (9,parsedatetime('17-01-2019 18:11:52.690', 'dd-MM-yyyy hh:mm:ss.SS'),49,1)
INSERT INTO MEASUREMENT (id,measurementtime,value,sensor_id) VALUES (10,parsedatetime('17-01-2019 18:11:52.690', 'dd-MM-yyyy hh:mm:ss.SS'),56,1)
INSERT INTO MEASUREMENT (id,measurementtime,value,sensor_id) VALUES (11,parsedatetime('17-01-2019 18:12:52.690', 'dd-MM-yyyy hh:mm:ss.SS'),15,2)
INSERT INTO MEASUREMENT (id,measurementtime,value,sensor_id) VALUES (12,parsedatetime('17-01-2019 18:12:52.690', 'dd-MM-yyyy hh:mm:ss.SS'),68,2)
INSERT INTO MEASUREMENT (id,measurementtime,value,sensor_id) VALUES (13,parsedatetime('17-01-2019 18:12:52.690', 'dd-MM-yyyy hh:mm:ss.SS'),48,2)
INSERT INTO MEASUREMENT (id,measurementtime,value,sensor_id) VALUES (14,parsedatetime('17-01-2019 18:12:52.690', 'dd-MM-yyyy hh:mm:ss.SS'),18,2)
INSERT INTO MEASUREMENT (id,measurementtime,value,sensor_id) VALUES (15,parsedatetime('17-01-2019 18:12:52.690', 'dd-MM-yyyy hh:mm:ss.SS'),17,2)
INSERT INTO MEASUREMENT (id,measurementtime,value,sensor_id) VALUES (16,parsedatetime('17-01-2019 18:12:52.690', 'dd-MM-yyyy hh:mm:ss.SS'),22,2)
INSERT INTO MEASUREMENT (id,measurementtime,value,sensor_id) VALUES (17,parsedatetime('17-01-2019 18:12:52.690', 'dd-MM-yyyy hh:mm:ss.SS'),24,2)
INSERT INTO MEASUREMENT (id,measurementtime,value,sensor_id) VALUES (18,parsedatetime('17-01-2019 18:12:52.690', 'dd-MM-yyyy hh:mm:ss.SS'),29,2)
INSERT INTO MEASUREMENT (id,measurementtime,value,sensor_id) VALUES (19,parsedatetime('17-01-2019 18:12:52.690', 'dd-MM-yyyy hh:mm:ss.SS'),6,2)
INSERT INTO MEASUREMENT (id,measurementtime,value,sensor_id) VALUES (20,parsedatetime('17-01-2019 18:12:52.690', 'dd-MM-yyyy hh:mm:ss.SS'),37,2)
INSERT INTO MEASUREMENT (id,measurementtime,value,sensor_id) VALUES (21,parsedatetime('17-01-2019 18:13:52.690', 'dd-MM-yyyy hh:mm:ss.SS'),51,3)
INSERT INTO MEASUREMENT (id,measurementtime,value,sensor_id) VALUES (22,parsedatetime('17-01-2019 18:13:52.690', 'dd-MM-yyyy hh:mm:ss.SS'),65,3)
INSERT INTO MEASUREMENT (id,measurementtime,value,sensor_id) VALUES (23,parsedatetime('17-01-2019 18:13:52.690', 'dd-MM-yyyy hh:mm:ss.SS'),74,3)
INSERT INTO MEASUREMENT (id,measurementtime,value,sensor_id) VALUES (24,parsedatetime('17-01-2019 18:13:52.690', 'dd-MM-yyyy hh:mm:ss.SS'),7,3)
INSERT INTO MEASUREMENT (id,measurementtime,value,sensor_id) VALUES (25,parsedatetime('17-01-2019 18:13:52.690', 'dd-MM-yyyy hh:mm:ss.SS'),41,3)
INSERT INTO MEASUREMENT (id,measurementtime,value,sensor_id) VALUES (26,parsedatetime('17-01-2019 18:13:52.690', 'dd-MM-yyyy hh:mm:ss.SS'),71,3)
INSERT INTO MEASUREMENT (id,measurementtime,value,sensor_id) VALUES (27,parsedatetime('17-01-2019 18:13:52.690', 'dd-MM-yyyy hh:mm:ss.SS'),37,3)
INSERT INTO MEASUREMENT (id,measurementtime,value,sensor_id) VALUES (28,parsedatetime('17-01-2019 18:13:52.690', 'dd-MM-yyyy hh:mm:ss.SS'),58,3)
INSERT INTO MEASUREMENT (id,measurementtime,value,sensor_id) VALUES (29,parsedatetime('17-01-2019 18:13:52.690', 'dd-MM-yyyy hh:mm:ss.SS'),7,3)
INSERT INTO MEASUREMENT (id,measurementtime,value,sensor_id) VALUES (30,parsedatetime('17-01-2019 18:13:52.690', 'dd-MM-yyyy hh:mm:ss.SS'),61,3)
INSERT INTO MEASUREMENT (id,measurementtime,value,sensor_id) VALUES (31,parsedatetime('17-01-2019 18:14:52.690', 'dd-MM-yyyy hh:mm:ss.SS'),10,4)
INSERT INTO MEASUREMENT (id,measurementtime,value,sensor_id) VALUES (32,parsedatetime('17-01-2019 18:14:52.690', 'dd-MM-yyyy hh:mm:ss.SS'),32,4)
INSERT INTO MEASUREMENT (id,measurementtime,value,sensor_id) VALUES (33,parsedatetime('17-01-2019 18:14:52.690', 'dd-MM-yyyy hh:mm:ss.SS'),11,4)
INSERT INTO MEASUREMENT (id,measurementtime,value,sensor_id) VALUES (34,parsedatetime('17-01-2019 18:14:52.690', 'dd-MM-yyyy hh:mm:ss.SS'),31,4)
INSERT INTO MEASUREMENT (id,measurementtime,value,sensor_id) VALUES (35,parsedatetime('17-01-2019 18:14:52.690', 'dd-MM-yyyy hh:mm:ss.SS'),39,4)
INSERT INTO MEASUREMENT (id,measurementtime,value,sensor_id) VALUES (36,parsedatetime('17-01-2019 18:14:52.690', 'dd-MM-yyyy hh:mm:ss.SS'),49,4)
INSERT INTO MEASUREMENT (id,measurementtime,value,sensor_id) VALUES (37,parsedatetime('17-01-2019 18:14:52.690', 'dd-MM-yyyy hh:mm:ss.SS'),13,4)
INSERT INTO MEASUREMENT (id,measurementtime,value,sensor_id) VALUES (38,parsedatetime('17-01-2019 18:14:52.690', 'dd-MM-yyyy hh:mm:ss.SS'),43,4)
INSERT INTO MEASUREMENT (id,measurementtime,value,sensor_id) VALUES (39,parsedatetime('17-01-2019 18:14:52.690', 'dd-MM-yyyy hh:mm:ss.SS'),22,4)
INSERT INTO MEASUREMENT (id,measurementtime,value,sensor_id) VALUES (40,parsedatetime('17-01-2019 18:14:52.690', 'dd-MM-yyyy hh:mm:ss.SS'),57,4)
INSERT INTO MEASUREMENT (id,measurementtime,value,sensor_id) VALUES (41,parsedatetime('17-01-2019 18:15:52.690', 'dd-MM-yyyy hh:mm:ss.SS'),71,5)
INSERT INTO MEASUREMENT (id,measurementtime,value,sensor_id) VALUES (42,parsedatetime('17-01-2019 18:15:52.690', 'dd-MM-yyyy hh:mm:ss.SS'),73,5)
INSERT INTO MEASUREMENT (id,measurementtime,value,sensor_id) VALUES (43,parsedatetime('17-01-2019 18:15:52.690', 'dd-MM-yyyy hh:mm:ss.SS'),24,5)
INSERT INTO MEASUREMENT (id,measurementtime,value,sensor_id) VALUES (44,parsedatetime('17-01-2019 18:15:52.690', 'dd-MM-yyyy hh:mm:ss.SS'),16,5)
INSERT INTO MEASUREMENT (id,measurementtime,value,sensor_id) VALUES (45,parsedatetime('17-01-2019 18:15:52.690', 'dd-MM-yyyy hh:mm:ss.SS'),37,5)
INSERT INTO MEASUREMENT (id,measurementtime,value,sensor_id) VALUES (46,parsedatetime('17-01-2019 18:15:52.690', 'dd-MM-yyyy hh:mm:ss.SS'),14,5)
INSERT INTO MEASUREMENT (id,measurementtime,value,sensor_id) VALUES (47,parsedatetime('17-01-2019 18:15:52.690', 'dd-MM-yyyy hh:mm:ss.SS'),33,5)
INSERT INTO MEASUREMENT (id,measurementtime,value,sensor_id) VALUES (48,parsedatetime('17-01-2019 18:15:52.690', 'dd-MM-yyyy hh:mm:ss.SS'),37,5)
INSERT INTO MEASUREMENT (id,measurementtime,value,sensor_id) VALUES (49,parsedatetime('17-01-2019 18:15:52.690', 'dd-MM-yyyy hh:mm:ss.SS'),18,5)
INSERT INTO MEASUREMENT (id,measurementtime,value,sensor_id) VALUES (50,parsedatetime('17-01-2019 18:15:52.690', 'dd-MM-yyyy hh:mm:ss.SS'),63,5)
